domain,count
t.me,24190
x.com,22386
bit.ly,8857
rumble.com,4029
cutt.ly,3694
truthsocial.com,3423
linktr.ee,3129
www.naturalnews.com,2047
conservativebrief.com,1443
www.youtube.com,1122
saferead.org,1093
twitter.com,1053
www.dailymail.co.uk,975
www.thegatewaypundit.com,937
www.foxnews.com,825
nypost.com,805
resistthemainstream.com,803
youtu.be,681
qagg.news,551
thepostmillennial.com,527
justthenews.com,418
fenbenlab.com,415
www.reuters.com,395
badlandsmedia.tv,387
www.brighteon.com,355
www.nbcnews.com,337
archive.is,332
www.breitbart.com,325
abcnews.go.com,323
thehill.com,320
www.axios.com,305
t.co,296
www.whitehouse.gov,291
archive.ph,270
www.bitchute.com,253
vigilantnews.com,243
apnews.com,237
share.newsbreak.com,203
www.politico.com,202
www.zerohedge.com,191
www.cnn.com,185
pepelivesmatter.substack.com,152
postmillennialnews.com,147
qalerts.app,140
www.disclose.tv,138
www.washingtonexaminer.com,132
www.cbsnews.com,126
www.instagram.com,124
mr.cdn.ignitecdn.com,117
realrawnews.com,113
www.givesendgo.com,101
www.newsweek.com,96
www.msn.com,94
thenationalpulse.com,91
fxtwitter.com,90
open.substack.com,85
insiderpaper.com,84
www.archives.gov,83
dailycaller.com,82
stan.store,81
gab.com,79
threadreaderapp.com,78
freebeacon.com,76
www.theepochtimes.com,74
www.theguardian.com,72
m.youtube.com,71
youtube.com,66
www.washingtontimes.com,64
www.mirror.co.uk,64
tinyurl.com,64
www.yahoo.com,62
www.the-sun.com,61
earthquake.usgs.gov,61
www.justice.gov,60
www.nytimes.com,58
pilled.net,57
newstreasondefundthemedia.locals.com,57
andweknow.com,56
thepatriotlight.com,56
venmo.com,54
www.mediaite.com,53
www.express.co.uk,52
www.rumble.com,52
thefederalist.com,52
humanevents.com,52
thepoliticsbrief.com,51
revolver.news,51
beeflexcomfort.com,48
www.tiktok.com,46
www.cnbc.com,46
www.wsj.com,46
trib.al,46
www.rt.com,45
www.x.com,45
www.thekylebecker.com,45
www.beckerbrief.com,44
www.bbc.com,43
www.rsbnetwork.com,43
www.washingtonpost.com,40
badlands.substack.com,40
storage.courtlistener.com,40
www.facebook.com,38
www.sfgate.com,38
news.sky.com,37
www.dailywire.com,37
www.bloomberg.com,37
cpsprotect.com,37
search.app,37
mol.im,36
stfn.video,36
www.telegraph.co.uk,35
www.usatoday.com,34
www.semafor.com,34
en.m.wikipedia.org,34
en.wikipedia.org,33
www.foxbusiness.com,33
www.vigilantfox.com,33
wdg.us10.list-manage.com,33
zeeemedia.com,31
www.realnewsandhistory.com,30
m.facebook.com,30
www.biblegateway.com,30
www.oann.com,29
townhall.com,29
lawenforcementtoday.com,29
www.npr.org,26
www.8ch.net,24
ncbi.nlm.nih.gov,24
www.westernjournal.com,23
www.timesofisrael.com,22
www.google.com,22
www.newsmax.com,21
gatewayhispanic.com,21
lawandcrime.com,20
variety.com,20
www.dailystar.co.uk,20
www.politico.eu,19
redd.it,19
www.federalregister.gov,19
archive.org,18
jordansather.substack.com,18
justhuman.substack.com,18
www.patriotswitch.com,18
www.defense.gov,17
www.skynews.com.au,17
open.spotify.com,17
www.forbes.com,17
8kun.top,17
www.consciousstrength.net,16
www.independent.co.uk,16
www.ft.com,16
www.sevensisterstarot.com,16
www.law.cornell.edu,16
briancates.substack.com,16
www.livelocal.church,16
skeshel.substack.com,15
www.midatlanticba.com,15
www.thesun.co.uk,15
www.dailysignal.com,15
www.globenewswire.com,14
www.tmz.com,14
shorturl.at,14
www.businessinsider.com,14
www.congress.gov,14
burningbright.substack.com,14
www.tpusa.com,13
www.ice.gov,13
people.com,13
gettr.com,13
pagesix.com,13
fortune.com,13
www.thecentersquare.com,13
www.playzap.games,12
trendingpoliticsnews.com,12
www.scribd.com,12
modernity.news,12
givesendgo.com,12
odysee.com,12
swampthevoteusa.com,12
sosrff.tsu.ru,12
www.tipranks.com,12
breakingheadlines.news,11
oversight.house.gov,11
www.aljazeera.com,11
m.economictimes.com,11
www.theverge.com,11
www.tulipblooms.shop,11
www.patreon.com,11
www.17switch.com,11
babylonbee.com,11
ascensionglossary.com,11
fixupx.com,11
app.leg.wa.gov,11
hannity.com,10
www.bbc.co.uk,10
finance.yahoo.com,10
abc7ny.com,10
www.timesnownews.com,10
tennesseestar.com,10
www.podbean.com,10
apk.e-droid.net,10
gellerreport.com,10
saraacarter.com,10
www.amazon.com,10
www.documentcloud.org,10
vt.tiktok.com,10
www.jpost.com,9
www.intelligence.senate.gov,9
www.newsnationnow.com,9
www.hellomagazine.com,9
paypal.me,9
www.c-span.org,9
www.newsbreak.com,9
www.newstreason.com,9
californiaglobe.com,9
www.ed.gov,9
slaynews.com,9
whiplash347.net,9
covid.gov,8
metro.co.uk,8
www.accuweather.com,8
www.infowars.com,8
stormypatriotjoe.substack.com,8
lawflog.com,8
www.espn.com,8
vm.tiktok.com,8
amp.cnn.com,8
goodranchers.com,8
www.judicialwatch.org,8
watchers.news,8
nj.gov,8
pmc.ncbi.nlm.nih.gov,7
dashboard.mailerlite.com,7
www.euronews.com,7
www.ndtv.com,7
watcher.guru,7
www.wired.com,7
indianexpress.com,7
bnonews.com,7
www.pbs.org,7
cbs12.com,7
www.state.gov,7
www.azfamily.com,7
www.thetimes.com,7
www.epicminerals.net,7
w-j.co,7
www.nbcnewyork.com,7
vault.fbi.gov,7
www.theblaze.com,7
www.fox5atlanta.com,7
abc7.com,7
conservativefiringline.com,7
www.google.com.au,7
www.volcanodiscovery.com,7
fb.watch,7
www.wionews.com,7
links.truthsocial.com,7
form.jotform.com,7
www.9news.com.au,7
vtforeignpolicy.com,6
www.usdebtclock.org,6
events.gop.com,6
www.nysun.com,6
www.absolute1776gold.com,6
www.themirror.com,6
www.militarytimes.com,6
www.ttnews.com,6
robertplewis.substack.com,6
www.thefp.com,6
www.bild.de,6
mir.cr,6
www.doge.gov,6
www.hhs.gov,6
whitecollarfraud.com,6
deadline.com,6
www.ancient-origins.net,6
wideawake.clothing,6
www.slightlyoffensive.com,6
drive.google.com,6
deeprootsathome.com,6
www.marijuanamoment.net,6
telegra.ph,6
ko-fi.com,6
time.com,6
www.buff.ly,6
allmylinks.com,5
www.fbi.gov,5
edition.cnn.com,5
www.thefocalpoints.com,5
www.newyorker.com,5
nationalpost.com,5
yournews.com,5
letmytinago.us,5
www.trumpstore.com,5
ecf.dcd.uscourts.gov,5
www.americasfuture.net,5
www.dhs.gov,5
wjla.com,5
substack.com,5
www.military.com,5
theconservativetreehouse.com,5
www.realclearinvestigations.com,5
theremnantministrytx.org,5
www.lifenews.com,5
sites.google.com,5
www.17metals.com,5
www.17metals.com****,5
hometitlelock.com,5
twc.health,5
ktla.com,5
www.stripes.com,5
news.bloomberglaw.com,5
www.foxla.com,5
amac.us,5
www.bottledguidance.net,5
usdebtclock.org,5
www.genengnews.com,5
datarepublican.com,5
opr.as,5
taskandpurpose.com,5
s3.documentcloud.org,5
www.cbp.gov,5
www.unilad.com,5
web.archive.org,5
www.space.com,5
www.the-independent.com,5
www.gov.ca.gov,5
www.football.london,5
www.latimes.com,5
www.nbclosangeles.com,5
dogegov.com,5
www.honeheke.co.nz,5
archive.md,5
genflynn.substack.com,5
justindeschamps.substack.com,5
ninoscorner.tv,5
rebrand.ly,4
fearless.report,4
letsgobrandon.plus,4
www.therobotreport.com,4
www.kob.com,4
www.france24.com,4
www.hindustantimes.com,4
www.federalreserve.gov,4
www.investing.com,4
timesofindia.indiatimes.com,4
tribune.com.pk,4
www.standard.co.uk,4
www.gbnews.com,4
cspoa.org,4
absolute1776.substack.com,4
www.vanityfair.com,4
www.courtlistener.com,4
oversight.heritage.org,4
www.linkedin.com,4
www.newstreason.shop,4
wikileaks.org,4
mynorthwest.com,4
pubmed.ncbi.nlm.nih.gov,4
childrenshealthdefense.org,4
www.judiciary.senate.gov,4
facebook.com,4
www.aol.com,4
www.fox35orlando.com,4
www.17switch.com****,4
redstate.com,4
www.ntd.com,4
www.sciencealert.com,4
ept.ms,4
ngo.locals.com,4
www.city-journal.org,4
www.sciencedirect.com,4
www.wsoctv.com,4
www.cia.gov,4
news.va.gov,4
www.motherjones.com,4
covfefe.coffee,4
www.fr.de,4
link.theepochtimes.com,4
www.noticer.news,4
www.nbcchicago.com,4
wgntv.com,4
go.dhs.gov,4
abcnews.visitlink.me,4
archives.gov,4
www.wftv.com,4
geofon.gfz-potsdam.de,4
www.chroniclelive.co.uk,4
www.cisa.gov,4
rairfoundation.com,4
aflegal.org,4
english.alarabiya.net,4
www.statnews.com,4
www.legislation.gov.uk,4
thespectator.com,4
www.govinfo.gov,4
www.reddit.com,4
www.liverpoolecho.co.uk,4
www.binance.com,4
www.dni.gov,4
www.nbcboston.com,4
www.gettyimages.com,4
www.supremecourt.gov,4
www.evidenceunseen.com,4
www.ncregister.com,4
www.opm.gov,4
d.fxtwitter.com,4
flvoicenews.com,4
www.theatlantic.com,4
apple.news,4
www.nowgotowar.com,4
amp.9news.com.au,4
www.abc.net.au,4
9news.com.au,4
johnmichaelchambers.com,4
franknez.com,3
virtualshield.com,3
www.ctvnews.ca,3
www.barrons.com,3
www.lifesitenews.com,3
news.yahoo.com,3
expose-news.com,3
www.usnews.com,3
www.americanthinker.com,3
cointelegraph.com,3
m.jpost.com,3
www.today.com,3
www.aa.com.tr,3
www.bnnbloomberg.ca,3
www.wowt.com,3
www.army.mil,3
www.nbcsports.com,3
www.simonandschuster.com,3
docs.fcc.gov,3
www.gov.uk,3
www.cityandstateny.com,3
www.wcax.com,3
www.nejm.org,3
www.cdc.gov,3
amgreatness.com,3
notthebee.com,3
shut-upn-sing.com,3
www.intothelight.movie,3
www.turn2us.org.uk,3
www.birminghammail.co.uk,3
buymeacoffee.com,3
www.ingersolllockwood.com,3
www.newstreason.com****,3
www.fox26houston.com,3
lauraingraham.com,3
ir.arcturusrx.com,3
100percentfedup.com,3
recallbassnow.com**,3
public-inspection.federalregister.gov,3
www.welt.de,3
www.abc15.com,3
www.sos.ca.gov,3
washingtonreporter.news,3
cdn.prod.website-files.com,3
www.usda.gov,3
www.realclearpolitics.com,3
thepeoplesvoice.tv,3
www.borderreport.com,3
www.wusa9.com,3
blog.judaicawebstore.com,3
symbolsage.com,3
www.clickondetroit.com,3
www.hfpappexternal.fda.gov,3
www.quantum.gov,3
www.startribune.com,3
www.spaceweather.com,3
www.bing.com,3
www.ladbible.com,3
www.devdiscourse.com,3
www.durham.ac.uk,3
www.miragenews.com,3
www.politicalhub.co.in,3
www.doi.gov,3
www.ntsb.gov,3
opr.news,3
recallbassnow.com,3
patents.google.com,3
www.10tv.com,3
us06web.zoom.us,3
cwbchicago.com,3
wlos.com,3
urldefense.com,3
nltimes.nl,3
www.dailypost.co.uk,3
hailprotector.com,3
www.aha.org,3
www.billboard.com,3
www.arlnow.com,3
www.soompi.com,3
www.walesonline.co.uk,3
www.straitstimes.com,3
kstp.com,3
grok.com,3
www.defconlevel.com,3
www.ncei.noaa.gov,3
ngdc.noaa.gov,3
ds.iris.edu,3
www.earthscope.org,3
san.com,3
www.itv.com,3
www.icj.org,3
www.tampafp.com,3
ujsportal.pacourts.us,3
www.investmentwatchblog.com,3
usawatchdog.com,3
www.pressdemocrat.com,3
www.infobae.com,3
joeisdone.github.io,3
blog.ed.gov,3
6abc.com,3
www.govexec.com,3
joehoft.com,3
badlandsmedia.ticketspice.com,3
www.courthousenews.com,3
ijr.com,3
podcasts.apple.com,3
www.mypanhandle.com,3
disswire.com,3
www.hawaiibusiness.com,3
cowboystatedaily.com,3
news4sanantonio.com,3
www.odni.gov,3
www.revisor.mn.gov,3
7news.com.au,3
blessed2teach.com,3
emmakatherine.substack.com,3
porthedlandmotion.info,3
treasurydirect.gov,2
supreme.court.gov.il,2
www.pacom.mil,2
www.blackrock.com,2
www.foodbusinessnews.net,2
trumpwhitehouse.archives.gov,2
jordansather.locals.com,2
www.forexlive.com,2
unn.ua,2
www.mitrade.com,2
davidicke.com,2
paradigmshyft.com,2
www.themoscowtimes.com,2
www.huffpost.com,2
www.livenowfox.com,2
news.stv.tv,2
www.middleeasteye.net,2
poland.news-pravda.com,2
www.livescience.com,2
www.firstpost.com,2
www.popularmechanics.com,2
www.btimesonline.com,2
techcrunch.com,2
github.com,2
www.fastcompany.com,2
uk.news.yahoo.com,2
www.hollywoodreporter.com,2
www.weforum.org,2
www.public.news,2
forms.gle,2
secure.winred.com,2
www.dw.com,2
foreignpolicy.com,2
abc7news.com,2
nationalveteransparade.org,2
blabbermouth.net,2
www.gofundme.com,2
www.sudradio.fr,2
share-link.pilled.net,2
redpill78news.com,2
kick.com,2
www.redpill78news.com,2
tass.com,2
elpublicotv.com,2
www.cbc.ca,2
www.euractiv.com,2
www.defence.gov.au,2
www.marketscreener.com,2
www.epa.gov,2
www.rasmussenreports.com,2
www.change.org,2
ago.mo.gov,2
reclaimthenet.org,2
www.deccanherald.com,2
www.nius.de,2
bexarcountycitizens.com,2
texasagriculture.gov,2
johnbaptistchurch.org,2
www.ministryvoice.com,2
www.biblestudytools.com,2
intelligencer.today,2
legalinsurrection.com,2
ktul.com,2
abqraw.com,2
www.riffusion.com,2
www.interpol.int,2
frontpageafricaonline.com,2
www.amazon.co.uk,2
news3lv.com,2
www.catholicnewsagency.com,2
review.law.stanford.edu,2
www.mirrored.to,2
www.theraisingcainshow.com,2
www.redfin.com,2
www.deepstategangsters.com,2
www.finishthisfight.us,2
mcpota.substack.com,2
www.americaoutloud.news,2
www.fox13news.com,2
www.donaldjtrump.com,2
toresays.com,2
thenewamerican.com,2
a.co,2
www.local10.com,2
live.childrenshealthdefense.org,2
www.kcra.com,2
www.defenseone.com,2
uscode.house.gov,2
abc7.la,2
exxpress.at,2
apollo-news.net,2
cbsn.ws,2
www.fema.gov,2
chicago.suntimes.com,2
abc7ne.ws,2
www.fox32chicago.com,2
www.elle.com,2
www.apprenticeship.gov,2
slingshot.news,2
blogs.nvidia.com,2
www.rvmnews.com,2
www.post-gazette.com,2
nickadamsmaga.substack.com,2
www.knoxnews.com,2
steelnet.org,2
www.coindesk.com,2
www.nationalreview.com,2
45books.com,2
gettrumpmemes.com,2
www.northcom.mil,2
www.,2
www.albawaba.com,2
www.foxweather.com,2
rollcall.com,2
organiser.org,2
polymarket.com,2
www.thestreet.com,2
www.usmarshals.gov,2
www.occult.live,2
www.midwesterndoctor.com,2
store.resistthemainstream.com,2
www.wfsb.com,2
www.britannica.com,2
humorousmathematics.com,2
legiscan.com,2
qalerts.net,2
www.birthrightthemovie.com,2
www.geo.tv,2
dailynewsforthepeople.com,2
www.khou.com,2
www.navytimes.com,2
loudobbs.com,2
img.theepochtimes.com,2
th.bing.com,2
nicholasdecker.substack.com,2
gazetteller.com,2
www.wildfreeorganic.com,2
www.swpc.noaa.gov,2
www.moroccoworldnews.com,2
lizcrokin.substack.com,2
rvmnews.com,2
buff.ly,2
www.wdtn.com,2
spreadsheets.latimes.com,2
www.dailyrecord.co.uk,2
www.rochesterfirst.com,2
ofac.treasury.gov,2
medium.com,2
countylocalnews.com,2
www.nationaalrapporteur.nl,2
play.google.com,2
itunes.apple.com,2
home.treasury.gov,2
www.notus.org,2
therealdeal.com,2
thegatewaypundit.com,2
evrimagaci.org,2
www.onthisday.com,2
thecryptobasic.com,2
www.presidency.ucsb.edu,2
jonathanturley.org,2
vigilantcitizen.com,2
www.twz.com,2
www.ainvest.com,2
trendsnewsline.com,2
www.spaceforce.mil,2
praedictix.com,2
www.wfaa.com,2
1819news.com,2
www.disclosurenews.it,2
www.rollingstone.com,2
www.un.org,2
www.cbo.gov,2
timothycharlesholmseth.com,2
lobstr.co,2
www.pcmag.com,2
www.senate.gov,2
ow.ly,2
www.footballinsider247.com,2
www.grassley.senate.gov,2
www.theprepperdome.com,2
thenightly.com.au,2
www.11alive.com,2
www.history.com,2
www.moneycontrol.com,2
www.al.com,2
www.bgr.bund.de,2
www.deutsche-digitale-bibliothek.de,2
patriotsbeacon.com,2
emidius.mi.ingv.it,2
channel2now.com,2
www.nsa.gov,2
www.cspcsolutions.com,2
www.dvidshub.net,2
law.justia.com,2
vocal.media,2
www.kslaw.com,2
georgemagazine.com,2
www.reformthebureau.org,2
eoppra.my.site.com,2
constitution.congress.gov,2
mil.in.ua,2
thinkingwithzach.blogspot.com,2
www.fallcabal.com,2
eko.substack.com,2
wizzstate.com,2
www.tallahassee.com,2
www.thv11.com,2
www.sun-sentinel.com,2
www.fhfa.gov,2
www.af.mil,2
www.ynetnews.com,2
www.winnipegfreepress.com,2
amp.newsobserver.com,2
abc30.com,2
www.pressviewer.com,2
www.savannahnow.com,2
ir.tmtgcorp.com,2
www.hud.gov,2
www.everythinglubbock.com,2
www.kcbd.com,2
spacenews.com,2
www.postliberalnews.com,2
clayhiggins.house.gov,2
www.atlantanewsfirst.com,2
www.tf1info.fr,2
www.kgw.com,2
www.wapt.com,2
azgovernor.gov,2
foodfix.co,2
www.huffingtonpost.co.uk,2
www.governor.ny.gov,2
www.abc6.com,2
www.ajc.com,2
www.worldtribune.com,2
www.kjzz.org,2
leadstories.com,2
www.shockya.com,2
omny.fm,2
www.thewrap.com,2
www.houstonpublicmedia.org,2
americanwirenews.com,2
mxmnews.com,2
www.desmoinesregister.com,2
streetartutopia.com,2
americanmind.org,2
www.fire.ca.gov,2
www.flsenate.gov,2
www.wvlegislature.gov,2
www.scstatehouse.gov,2
bulgarianmilitary.com,2
www.uscis.gov,2
www.iheart.com,2
www.msnbc.com,2
www.projectveritas.com,2
www.thebignewsletter.com,2
latenighter.com,2
therightscoop.com,2
www.vice.com,2
carlosturcios.org,2
www.twitch.tv,2
creators.spotify.com,2
web.myplaceaustralia.org,2
raisingchildren.net.au,2
www.leaveourkidzalone.org,2
ab.co,2
7news.link,2
therepublicansvoice.com,2
un.mfa.ee,2
tinapeters.us,2
theepochtim.es,2
rsbntv.maz.tv,2
amg-news.com,2
cia.gov,1
www.gematrix.org,1
dai.ly,1
www.foxwnes.com,1
themagaoffers.com,1
realdocumentaries.com,1
www.sas2025.com,1
onenessdrops.com,1
mmsinfo.org,1
consciousstrength.net,1
citizenwatchreport.com,1
www.worldhistory.org,1
www.royal.uk,1
news.un.org,1
www.news4jax.com,1
www.thelibertybeacon.com,1
massawakening.org,1
stillnessinthestorm.com,1
projectcamelot.org,1
www.theorionlines.com,1
www.thelivingmoon.com,1
cen.acs.org,1
turkey.news-pravda.com,1
english.news.cn,1
ca.news.yahoo.com,1
captainaltcoin.com,1
www.capitalbrief.com,1
www.cnbctv18.com,1
arabcenterdc.org,1
minnesotareformer.com,1
www.palaestinasolidaritaet.at,1
www.news18.com,1
www.threads.net,1
executivebiz.com,1
sam.gov,1
defensehere.com,1
www.wsbradio.com,1
en.defence-ua.com,1
www.kyivpost.com,1
neilkeenan.com,1
congress.gov,1
news24online.com,1
news-pravda.com,1
jewishinsider.com,1
holrmagazine.com,1
thebrighterdaysclinic.com,1
starwalk.space,1
www.theyucatantimes.com,1
www.thesouthafrican.com,1
www.deseret.com,1
armyrecognition.com,1
www.financemagnates.com,1
investingnews.com,1
www.finance.senate.gov,1
theaviationist.com,1
sports.yahoo.com,1
sis.gov.eg,1
www.miningweekly.com,1
www.haaretz.com,1
www.belgrade-news.com,1
www.alternet.org,1
religionnews.com,1
www.koat.com,1
www.newswest9.com,1
www.25newsnow.com,1
www.stamfordadvocate.com,1
www.ktvb.com,1
www.boston.com,1
www.wfft.com,1
pmnewsnigeria.com,1
www.valleynewslive.com,1
nilepost.co.ug,1
www.flightaware.com,1
www.vanhollen.senate.gov,1
www.dukechronicle.com,1
news.harvard.edu,1
migrantinsider.com,1
www.govtrack.us,1
www.wlwt.com,1
ir.kroger.com,1
themusicuniverse.com,1
www.usfigureskating.org,1
www.propublica.org,1
www.presstv.ir,1
rg.ru,1
qz.com,1
cdn.ca9.uscourts.gov,1
www.swissinfo.ch,1
www.montereycountynow.com,1
weingartfnd.org,1
southfront.press,1
drpippa.substack.com,1
jihadwatch.org,1
www.echr.coe.int,1
lookaheadamerica.org,1
www.newsbusters.org,1
oig.justice.gov,1
seymourhersh.substack.com,1
im1776.com,1
www.nydailynews.com,1
zerohedge.com,1
breitbart.com,1
tampabay.com,1
freemasonrywatch.org,1
www.yna.co.kr,1
mars.nasa.gov,1
www.wral.com,1
www.ktnv.com,1
www.tigerdroppings.com,1
slovakia.news-pravda.com,1
survivaldispatch.com,1
clouthub.com,1
peaceofheaven.life,1
www.audacy.com,1
recoveryofchildren.square.site,1
www.valleycentral.com,1
globelynews.com,1
au.news.yahoo.com,1
r4j68.app.goo.gl,1
greenberetfoundation.org,1
give.cornerstone.cc,1
www.invisibleinq.com,1
journaljgeesi.com,1
borderwatchdaily.com,1
www.ktre.com,1
www.texastribune.org,1
imprintnews.org,1
salinapost.com,1
www.chicagotribune.com,1
www.frontpagemag.com,1
www.nps.gov,1
publicadvocateusa.org,1
adfmedia.org,1
www.abolishion.org,1
trafficking.help,1
www.childhelplineinternational.org,1
www.europol.europa.eu,1
international-partnerships.ec.europa.eu,1
www.unodc.org,1
www.uutf.org.uk,1
sputnikglobe.com,1
heartworkdefense.com,1
www.newsfromthestates.com,1
amp.miamiherald.com,1
www.wyomingnews.com,1
www.ksdk.com,1
www.king5.com,1
m.soundcloud.com,1
dksdata.com,1
conservativeroof.com,1
simonesler.substack.com,1
freeeaglenetwork.substack.com,1
forthekids.life,1
www.khq.com,1
usaspending.gov,1
www.scarletcompass.org,1
lemediaen442.fr,1
www.mpbonline.org,1
www.thecity.nyc,1
www.dgepress.com,1
commercialobserver.com,1
www.openlines.live,1
www.17metals.com**,1
beacons.ai,1
www.newsx.com,1
www.northjersey.com,1
eurweb.com,1
simpleflying.com,1
www.tulipblooms.net,1
stocks.apple.com,1
www.newstreason.shop****,1
starlink123.com,1
vigilantfox.com,1
local12.com,1
nationfirst.substack.com,1
www.americarising.media,1
wh.gov,1
www.climatedepot.com,1
arstechnica.com,1
policedefense.org,1
www.nbcmiami.com,1
www.newstarget.com,1
ntd.nyc,1
declaration.fas.harvard.edu,1
www.realclearpolicy.com,1
www.thenationalliteracyinstitute.com,1
tgpne.ws,1
www.commerce.senate.gov,1
abcnews4.com,1
apps.apple.com,1
www.nubzilla.com,1
operationq.pub,1
thegreggjarrett.com,1
www.theblock.co,1
insideradvantage.com,1
gofundme.com,1
streamscharts.com,1
acrobat.adobe.com,1
parade.com,1
blockchainreporter.net,1
militaryembedded.com,1
boingboing.net,1
www.usni.org,1
www.firstcoastnews.com,1
militarywatchmagazine.com,1
www.miamiherald.com,1
join.robinhood.com,1
www.furnituretoday.com,1
www.geaerospace.com,1
bible.com,1
www.on3.com,1
www.westernstandard.news,1
cash.app,1
pepedeluxe.store,1
halturnerradioshow.com,1
www.telegraaf.nl,1
whdh.com,1
the-smerconish-podcast.simplecast.com,1
www.wjhl.com,1
splash247.com,1
templeofmiriam.com,1
www.quora.com,1
www.alefbet.com,1
iznikmavicini.com,1
mandalashop-online.com,1
mandalashop-online.,1
genies.fandom.com,1
www.veteranstoday.com,1
s3.radio.co,1
thehighwire.com,1
documents.theblackvault.com,1
cu-bits.org,1
genekeys.com,1
www.ecfr.gov,1
truepundit.com,1
www.fightback.law,1
www.usaspending.gov,1
www.historicalblindness.com,1
jhss.scholasticahq.com,1
www.5dfulldisclosure.org,1
oghamart.com,1
thedefensepost.com,1
www.umsl.edu,1
www.dancingwithwater.com,1
publichealthpolicyjournal.com,1
oregon.gov,1
theleadingreport.com,1
makesunsets.com,1
legislation.gov.uk,1
tribulation-now.org,1
brutalproof.net,1
rense.com,1
www.gaia.com,1
www.doge-tracker.com,1
www.marines.mil,1
hawarnews.com,1
static-assets-1.truthsocial.com,1
www-express-co-uk.cdn.ampproject.org,1
www.medpagetoday.com,1
www.imf.org,1
newschannel20.com,1
www.americansecurityproject.org,1
dcjournal.com,1
www.flightradar24.com,1
ngmnpublic.azurewebsites.us,1
www.census.gov,1
www.sustainability-times.com,1
www.ranker.com,1
www.foxcarolina.com,1
www.kbtx.com,1
vatican.com,1
californiainsider.com,1
defence-blog.com,1
media.defense.gov,1
www.independent.ie,1
www.watanserb.com,1
saltmedia.ug,1
www.vanguardngr.com,1
www.thecommonwealthofaustralia.com.au,1
www.navy.mil,1
www.econotimes.com,1
renew.org,1
centerforhealthsecurity.org,1
www.atlanticcouncil.org,1
www.jewishnews.co.uk,1
www.civilsociety.co.uk,1
www.cryptotimes.io,1
www.bluewin.ch,1
kfoxtv.com,1
www.rightwingwatch.org,1
www.wect.com,1
pbs.twimg.com,1
www.consumersafety.org,1
www.wcia.com,1
www.grunge.com,1
www.thehindu.com,1
www.benzinga.com,1
www.bishop-accountability.org,1
wultra.medium.com,1
politico.com,1
www.reu,1
nerv.8kun.top,1
www.baa.org,1
www.smh.com.au,1
www.dimsumdaily.hk,1
vatican.va,1
truthout.org,1
www.eatwild.com,1
www.localharvest.org,1
eatwild.com,1
www.ancientpages.com,1
thechessworld.com,1
www.airandspaceforces.com,1
www.fox5vegas.com,1
iqna.ir,1
www.citizen-times.com,1
grassley.senate.gov,1
www.tdworld.com,1
www.fox4news.com,1
echo.epa.gov,1
foxnews.com,1
www.ssc.spaceforce.mil,1
www.fox7austin.com,1
eurasiantimes.com,1
reuters.com,1
pandemictimeline.com,1
www.ashtarcommandcrew.net,1
bbc.com,1
www.siemens.com,1
www.siemens-energy.com,1
www.countries-ofthe-world.com,1
www.sandiegouniontribune.com,1
dgll.org,1
www.securityweek.com,1
us-cert.cisa.gov,1
jesusleadershiptraining.com,1
u.today,1
sdexexplorer.com,1
www.avweb.com,1
shafaq.com,1
presswatchers.org,1
globe.adsbexchange.com,1
virtualglobetrotting.com,1
www.kshb.com,1
vaticanassassins.org,1
moveon.,1
water.noaa.gov,1
www.fxstreet.com,1
humantraffickingsearch.org,1
investorshangout.com,1
thetruthersjournal.home.blog,1
handsoff2025.com,1
judiciary.house.gov,1
scientificorigin.com,1
www.michigan.gov,1
www.argusleader.com,1
www.housingtoday.co.uk,1
community.solancha.com,1
solancha.com,1
issuu.com,1
punchng.com,1
businessday.ng,1
tweakers.net,1
www.politie.nl,1
www.meldmisdaadanoniem.nl,1
www.eokm.nl,1
www.meldpunt-kinderporno.nl,1
www.stopitnow.nl,1
www.helpwanted.nl,1
calleymeans.com,1
www.kingof.uk,1
kingjohnthethi...â€‹,1
www.vigiaccess.org,1
wikimili.com,1
www.citigroup.com,1
state.gov,1
www.merriam-webster.com,1
nytimes.com,1
catholiccitizens.org,1
historianorg),1
"historianorg),",1
2harvest.org,1
health-isac.org,1
www.fox9.com,1
www.beaumontenterprise.com,1
www.usagm.gov,1
timestabloid.com,1
thesuntoday.org,1
www.spaceweather.live,1
findenergy.com,1
www.observerranch.com,1
www.goldobservers.com,1
www.gettr.com,1
www.researchsquare.com,1
www.suspicious0bservers.org,1
www.spaceweathernews.com,1
www.quakewatch.net,1
www.observatoryproject.com,1
www.magneticreversal.org,1
www.windy.com,1
www.helioviewer.org,1
www.businesswire.com,1
www.virginislandsdailynews.com,1
www.cityam.com,1
www.vox.com,1
operationdisclosureofficial.com,1
citizenfreepress.com,1
signal.org,1
armyhistory.org,1
4.nbcla.com,1
nationalfile.com,1
www.lbc.co.uk,1
www.objectivist.co,1
impakter.com,1
halifax.citynews.ca,1
www.jfklibrary.org,1
www.thejournal.ie,1
www.afr.com,1
www.ndtvprofit.com,1
bibliotecapleyades.net,1
issa.house.gov,1
mcusercontent.com,1
www.churchmilitant.com,1
ca.finance.yahoo.com,1
theedgemalaysia.com,1
wsvn.com,1
en.globes.co.il,1
www.housingwire.com,1
www.theolivepress.es,1
themillenniumreport.com,1
www.abovetopsecret.com,1
www.article3project.org,1
www.aastocks.com,1
www.scmp.com,1
www.fjc.gov,1
www.broadcastify.com,1
usda.gov,1
mogadishu24.com,1
investigativeproject.org,1
ia601605.us.archive.org,1
www.azquotes.com,1
www.ozy.com,1
www.tampabay.com,1
www.wsls.com,1
www.webmd.com,1
www.starforts.com,1
peakd.com,1
trademark.justia.com,1
www.highsnobiety.com,1
polanddaily24.com,1
polishnews.co.uk,1
www.ksnt.com,1
www.mobilize.us,1
www.influencewatch.org,1
www.airforcetimes.com,1
navy.mil,1
rumble.,1
www.wcmessenger.com,1
ready.gov,1
tdem.texas.gov,1
www.cointrust.com,1
repository.uclawsf.edu,1
fox26houston.com,1
www.sportbible.com,1
ready.ca.gov,1
hhs.gov,1
www.europereloaded.com,1
cairnsnews.org,1
www.espn.com.au,1
www.datacenterdynamics.com,1
newsrated.com,1
www.fda.gov,1
leviathannews.xyz,1
katu.com,1
abcnews.link,1
downdetector.com,1
www.kennedy-center.org,1
united.com,1
careers.cbp.gov,1
cbp.gov,1
fitzinfo.net,1
www.tvw.org,1
lat.ms,1
www.prnewswire.com,1
ingersolllockwood.com,1
anti-spiegel.ru,1
commons.wikimedia.org,1
www.informationliberation.com,1
thebloodofyeshua.com,1
thecove.org,1
www.cultofweird.com,1
www.devex.com,1
ssnews.page.link,1
conservativesunity.com,1
www....did,1
www.ghz-friedrich-maik.com,1
mb.ntd.com,1
www.spc.noaa.gov,1
www.kcur.org,1
docs.google.com,1
www.live5news.com,1
www.postandcourier.com,1
www.smartcitiesdive.com,1
today.citadel.edu,1
www.myfederalretirement.com,1
collider.com,1
kvia.com,1
obamawhitehouse.archives.gov,1
kw3.com,1
fedsoc.org,1
eadaily.com,1
namediscoveries.com,1
abc11.com,1
www.islamweb.net,1
www.middleeastmonitor.com,1
wakeup.unhypnotize.com,1
enddei.ed.gov,1
susanlacerra.com,1
fox23maine.com,1
www.essence.com,1
www.mlive.com,1
en.mercopress.com,1
www.adaderana.lk,1
www.ktvu.com,1
theintercept.com,1
www.thirteen.org,1
findyourrep.legislature.ca.gov,1
deathraywish.wordpress.com,1
thisbugslife.com,1
www.realcleardefense.com,1
alexberenson.substack.com,1
stellar.expert,1
www.cto.int,1
www.e-newspaperarchives.ch,1
www.agendafree.tv,1
doi.org,1
nyshistoricnewspapers.org,1
fee.org,1
www.thesiriusreport.com,1
www.readync.gov,1
www.spoc.spaceforce.mil,1
citizenx.com,1
ia804608.us.archive.org,1
historyheist.com,1
www.spiked-online.com,1
www.phoenix.gov,1
www.news-medical.net,1
stellar.org,1
www.expose1933.com,1
thelawdictionary.org,1
www.k9hurricanesheroes.org,1
www.fox19.com,1
www.thetravel.com,1
www.bigtimedaily.com,1
www.seekerstime.com,1
www.voanews.com,1
worldwarwings.com,1
www.fox5dc.com,1
www.thisismoney.co.uk,1
www.goal.com,1
heavy.com,1
earthquak.es,1
www.roadrunnersinternationale.com,1
www.researchgate.net,1
www.cityofsouthfultonga.gov,1
www.phactual.com,1
www.emsc-csem.org,1
www.nachdenkseiten.de,1
www.lawofficer.com,1
news.usni.org,1
www.srf.ch,1
thegreatwork208716197.wordpress.com,1
sbcfire.org,1
www.medicaldaily.com,1
www.nbcbayarea.com,1
imuseum.im,1
theriver953.com,1
wset.com,1
thenigerialawyer.com,1
texasborderbusiness.com,1
accesswdun.com,1
www.wsmv.com,1
www.ksnblocal4.com,1
asia.nikkei.com,1
readysbc.org,1
www.fox29.com,1
www.marklevinshow.com,1
www.bellevuerarecoins.com,1
duckduckgo.com,1
tubitv.com,1
indiantraders.com,1
tsunami.gov,1
www-dailymail-co-uk.cdn.ampproject.org,1
worldbeyondwar.org,1
earthquakelist.org,1
www.gallego.senate.gov,1
www.tronweekly.com,1
forecast.weather.gov,1
www.stlouisfed.org,1
mariustuca.ro,1
newsletter.martingeddes.com,1
economictimes.indiatimes.com,1
search.wikileaks.org,1
dod.defense.gov,1
www.crossroadstoday.com,1
www.surflant.usff.navy.mil,1
www.henrymakow.com,1
econotimes.com,1
ballotpedia.org,1
ezilidanto.com,1
www.einnews.com,1
blocknews.com,1
exopolitics.blogs.com,1
www.faa.gov,1
roe.ru,1
forms.office.com,1
www.imdb.com,1
www.fox8live.com,1
lc.org,1
federalnewsnetwork.com,1
content.govdelivery.com,1
www.mcchord.af.mil,1
www.usdc.com,1
media.128ducks.com,1
www.the-express.com,1
govinfo.library.unt.edu,1
thebusinessjournal.com,1
nsarchive.gwu.edu,1
www.eastbaytimes.com,1
www.chemwithamanda.com,1
usafacts.org,1
join.doge.gov,1
legaldictionary.net,1
www.deepseek.com,1
digitalcommons.law.lsu.edu,1
lacounty.pw,1
www.dallasnews.com,1
bidenwhitehouse.archives.gov,1
www.newspapers.com,1
mexiconewsdaily.com,1
www.icd9data.com,1
www.twincities.com,1
patch.com,1
share.watchduty.org,1
m.independent.ie,1
www.foxbangor.com,1
www.cato.org,1
brave.living,1
kroc.com,1
www.thescottishsun.co.uk,1
www.bizjournals.com,1
moneyinc.com,1
www.tv360nigeria.com,1
getagameplan.org,1
511la.org,1
spectrumlocalnews.com,1
vinnews.com,1
www.inaugural.senate.gov,1
www.gbc.gi,1
www.19fortyfive.com,1
www.denver7.com,1
newatlas.com,1
chng.it,1
conspiracookie.com,1
gofund.me,1
thejefferymead.substack.com,1
headlineusa.com,1
english.almayadeen.net,1
ifstudies.org,1
dockets.justia.com,1
www.buzzsprout.com,1
govsalaries.com,1
casetext.com,1
fox17.com,1
journals.asm.org,1
www.eurosurveillance.org,1
www.westonaprice.org,1
vaccineimpact.com,1
www.analyzingamerica.org,1
www.newscientist.com,1
archaeologymag.com,1
www.tadc.ca,1
armoneyandpolitics.com,1
www.spiegel.de,1
www.abc10.com,1
m.belfasttelegraph.co.uk,1
www.batimes.com.ar,1
www.opb.org,1
www.wgal.com,1
europeanconservative.com,1
academic.oup.com,1
fireflyspace.com,1
gizmodo.com,1
arkeonews.net,1
andina.pe,1
www.greateridaho.org,1
homeland.house.gov,1
www.news.com.au,1
patelpatriot.substack.com,1
thinktankfundingtracker.org,1
postliberalnews.substack.com,1
www.eenews.net,1
www.myuif.com,1
acis-api.flcourts.gov,1
openvaers.com,1
decisiondeskhq.com,1
texasscorecard.com,1
www.wcnc.com,1
alison.legislature.state.al.us,1
www.azleg.gov,1
legislature.idaho.gov,1
www.legis.iowa.gov,1
apps.legislature.ky.gov,1
legislature.maine.gov,1
documents.house.mo.gov,1
pub.njleg.state.nj.us,1
www.nysenate.gov,1
house.ncleg.gov,1
ndlegis.gov,1
www.oklegislature.gov,1
www.palegis.us,1
webserver.rilegislature.gov,1
wapp.capitol.tn.gov,1
texas-2025-sb1154-introduced,1
legislature.vermont.gov,1
wyoleg.gov,1
www.mediamatters.org,1
www.dropbox.com,1
docs.legis.wisconsin.gov,1
cis.org,1
notesfrompoland.com,1
kamalaharris.com,1
media.marcopolousa.org,1
www.azcentral.com,1
azmirror.com,1
www.brennancenter.org,1
swns.live,1
poply.com,1
www.flynnmovie.com,1
marcopolo501c3.substack.com,1
marcopololegalfund.com,1
www.spadeaforgovernor.com,1
www.americasfuture.net****,1
www.gobigmediainc.com,1
boltsmag.org,1
www.americafirstvets.org,1
www.cathouseonthekings.com,1
www.bdrr.org,1
centerforsecuritypolicy.org,1
showbizcorner.com,1
exsurgedomine.it,1
www.globalresearch.ca,1
www.generalflynn.com,1
hisglory.me,1
goyacares.com,1
d9c4f8-2.myshopify.com,1
voter.svrs.nj.gov,1
latinosforamericafirst.org,1
www.bibliotecapleyades.net,1
ecf.cofc.uscourts.gov,1
howbad.info,1
www.huschblackwell.com,1
music.apple.com,1
thekateawakening.substack.com,1
www.mississippifreepress.org,1
www.artificialintelligence-news.com,1
www-ft-com.ezp-prod1.hul.harvard.edu,1
www.burnedreport.com,1
www.solarham.com,1
www.wjhg.com,1
www.kjrh.com,1
www.hawaiinewsnow.com,1
miamiindependent.com,1
www.wkrn.com,1
wsau.com,1
yellowhammernews.com,1
w05.international.gc.ca,1
thecountersignal.com,1
www.wfla.com,1
www.technologyreview.com,1
www.geoengineeringmonitor.org,1
zerogeoengineering.com,1
www.speakoutactreclaim.org,1
worldcouncilforhealth.substack.com,1
www.journal-of-hepatology.eu,1
www.preprints.org,1
ripple.com,1
www.tsunami.gov,1
doge.gov,1
opencriticalmind.substack.com,1
coingape.com,1
archive.4plebs.org,1
cryptoslate.com,1
bravenewcoin.com,1
www.transportation.gov,1
www.hrsa.gov,1
adsb.lol,1
endalldisease.com,1
www.nextlevel444.com,1
www.cms.gov,1
smartpay.gsa.gov,1
zycrypto.com,1
www.young.senate.gov,1
go.citizen.com,1
scannerradio.app,1
on.ripple.com,1
cryptorank.io,1
101blockchains.com,1
www.bitget.com,1
www.earthtv.com,1
axios.com,1
www.rawstory.com,1
sas2025.com,1
pjmedia.com,1
slate.com,1
unherd.com,1
www.mayoclinic.org,1
financialpost.com,1
sundayguardianlive.com,1
shopwarroom.org,1
www.tabletmag.com,1
www.democracydocket.com,1
www.reviewjournal.com,1
www.foreignaffairs.com,1
www.economist.com,1
www.phillymag.com,1
www.newstatesman.com,1
www.labor4highered.org,1
breannamorello.substack.com,1
heartsofoak.org,1
www.stickermule.com,1
www.detroitnews.com,1
www.palmbeachpost.com,1
punchbowl.news,1
newenglandhistoricalsociety.com,1
readingepicthreads.substack.com,1
phantom.com,1
www.switchwithjarrin.com,1
www.stuartguthrie.com,1
larrysanger.org,1
www.telegram.com,1
www.livelocal.church),1
www.wane.com,1
ouramazinggrace.substack.com,1
allpatriots.gumroad.com,1
bestnewshere.com,1
www.thejennifer...,1
escapingritualabuseinaustralia.com,1
www.theage.com.au,1
www.texasattorneygeneral.gov,1
patrickbyrne.locals.com,1
corpau.blogspot.com,1
cirnow.com.au,1
floridaphoenix.com,1
archive.today,1
www.theaustralian.com.au,1
www.thecourier.com.au,1
vofhq.com,1
silverloch.com,1
www.2gb.com,1
upolitics.com,1
www.freedomstate.us,1
robkatter.com.au,1
www.africaintelligence.com,1
www.health.gov.au,1
www.myplacevicwest.org,1
www.onenation.org.au,1
www.phonearena.com,1
www.lockheedmartin.com,1
www.orfonline.org,1
emergency.vic.gov.au,1
www.hayleywallace.com,1
www.rfi.fr,1
earthquakes.ga.gov.au,1
www.thejennifermac.com,1
wtop.com,1
www.kxan.com,1
magapill.org,1
projectcamelotportal.com,1
www.thepatriotpartynews.com,1
join.patriotchute.com,1
tfx.treasury.gov,1
www.amazon.com.au,1
propertyupdate.com.au,1
hoodline.com,1
soundcloud.com,1
wach.com,1
cidpnsi.ca,1
www.engadget.com,1
therecord.media,1
www.savethechildren.org,1
firstfocus.org,1
americansongwriter.com,1
elink.io,1
www.6thscience.com,1
www.leylovedown.com,1
www.thenational.scot,1
www.hklaw.com,1
news.clearancejobs.com,1
crsreports.congress.gov,1
afrotech.com,1
lawcouncil.au,1
indiandefencereview.com,1
globaltruthnetwork.substack.com,1
australia.com,1
www.wmur.com,1
www.404media.co,1
www.3aw.com.au,1
freetina.com,1
amp.abc.net.au,1
thisistreason.com,1
jcpost.com,1
nine.social,1
thedrardisshow.com,1
www.news.uscg.mil,1
theconversation.com,1
dailyshear.com,1
mailchi.mp,1
jocoreport.com,1
www.local3news.com,1
leohohmann.substack.com,1
www.boston25news.com,1
alexkrainer.substack.com,1
